wiki_db,date,commitsha,rcfilters_enabled,extension_status,useOres,useOresUi,rcfilters_watchlist_enabled,damaging_maybebad_min,damaging_maybebad_max,damaging_verylikelybad_min,damaging_verylikelybad_max,goodfaith_maybebad_min,goodfaith_maybebad_max,goodfaith_likelybad_min,goodfaith_likelybad_max,goodfaith_verylikelybad_min,goodfaith_verylikelybad_max,damaging_likelybad_min,damaging_likelybad_max,damaging_likelygood_min,damaging_likelygood_max,goodfaith_likelygood_min,goodfaith_likelygood_max,damaging_hard,damaging_soft,damaging_softest,goodfaith_good_min,goodfaith_good_max,goodfaith_bad_min,goodfaith_bad_max,has_ores,rcfilters_enabled_default,extension_status_default,rcfilters_watchlist_enabled_default,commitsha_default,has_extension,has_beta_extension,has_rcfilters,has_rcfilters_watchlist
arwiki,2018-05-09 16:56:42,c19a7d1dd4f8b720ef99cd5a33a9853a0555fa1c,,,True,,,,,,,,,,,,,maximum recall @ prevision >= 0.45,1.0,0.0,maximum recall @ precision >= 0.997,,,,,,,,,,True,True,,True,22f6ec8967a3b66019881f27bb37515eaae855bc,False,False,True,True
arwiki,2018-05-09 17:11:32,dd898db2236a49df839c123daec4816a0b582dc9,,,True,,,,,,,,,,,,,maximum recall @ precision >= 0.45,1.0,0.0,maximum recall @ precision >= 0.997,,,,,,,,,,True,True,,True,22f6ec8967a3b66019881f27bb37515eaae855bc,False,False,True,True
arwiki,2018-06-16 00:00:00,dd898db2236a49df839c123daec4816a0b582dc9,True,,True,,True,,,,,,,,,,,maximum recall @ precision >= 0.45,1.0,0.0,maximum recall @ precision >= 0.997,,,,,,,,,,True,True,,True,22f6ec8967a3b66019881f27bb37515eaae855bc,False,False,True,True
arwiki,2018-07-18 03:05:19,b59dc054d75966cc444880ed9e6ed797a34a46e1,,,True,True,,,,,,,,,,,,maximum recall @ precision >= 0.45,1.0,0.0,maximum recall @ precision >= 0.997,,,,,,,,,,True,False,,True,b59dc054d75966cc444880ed9e6ed797a34a46e1,False,False,True,True
bswiki,2018-07-09 11:45:34,cb38f9b175d3effa7f6f8e058343592231f8f7f0,,,True,,,,,maximum recall @ precision >= 0.80,1,0.0,maximum recall @ precision >= 0.15,,,0.0,maximum recall @ precision >= 0.80,,,,,,,,,,,,,,True,True,,True,22f6ec8967a3b66019881f27bb37515eaae855bc,False,False,True,True
bswiki,2018-07-18 03:05:19,b59dc054d75966cc444880ed9e6ed797a34a46e1,,,True,True,,,,maximum recall @ precision >= 0.80,1,0.0,maximum recall @ precision >= 0.15,,,0.0,maximum recall @ precision >= 0.80,,,,,,,,,,,,,,True,False,,True,b59dc054d75966cc444880ed9e6ed797a34a46e1,False,False,True,True
cawiki,2018-05-09 16:13:28,3904582dfdc4dbca73b9c9d1676915e40fe624c2,,,True,,,,,,,0.0,maximum recall @ precision >= 0.15,,,0.0,maximum recall @ precision >= 0.9,,,,,maximum recall @ precision => 0.998,1.0,,,,,,,,True,True,,True,22f6ec8967a3b66019881f27bb37515eaae855bc,False,False,True,True
cawiki,2018-05-09 16:47:47,6656bbeabd2c84ef6db55ea16318e35bcc02e351,,,True,,,,,,,0.0,maximum recall @ precision >= 0.15,,,0.0,maximum recall @ precision >= 0.9,,,,,maximum recall @ precision >= 0.998,1.0,,,,,,,,True,True,,True,22f6ec8967a3b66019881f27bb37515eaae855bc,False,False,True,True
cawiki,2018-06-16 00:00:00,6656bbeabd2c84ef6db55ea16318e35bcc02e351,True,,True,,True,,,,,0.0,maximum recall @ precision >= 0.15,,,0.0,maximum recall @ precision >= 0.9,,,,,maximum recall @ precision >= 0.998,1.0,,,,,,,,True,True,,True,22f6ec8967a3b66019881f27bb37515eaae855bc,False,False,True,True
cawiki,2018-07-18 03:05:19,b59dc054d75966cc444880ed9e6ed797a34a46e1,,,True,True,,,,,,0.0,maximum recall @ precision >= 0.15,,,0.0,maximum recall @ precision >= 0.9,,,,,maximum recall @ precision >= 0.998,1.0,,,,,,,,True,False,,True,b59dc054d75966cc444880ed9e6ed797a34a46e1,False,False,True,True
cswiki,2017-02-21 16:49:30,c1a19f963223599ed485f5282a5f25f1a1503b1a,,,True,,,,,,,,,,,,,,,,,,,0.45,0.8,0.88,,,,,True,,,,83721dc27d3ecadb550a759e9004c794ad0cb792,False,False,False,False
cswiki,2017-04-24 07:44:50,bfc85146c44bb7396fdda631c8eb9ea97e9691bf,False,beta,True,,,,,,,,,,,,,,,,,,,0.45,0.8,0.88,,,,,True,True,on,,bfc85146c44bb7396fdda631c8eb9ea97e9691bf,True,True,False,False
cswiki,2017-04-27 16:13:51,868fbd422cd1f9a8be9b4b4c85f3a0981036a851,False,beta,True,,,,,recall_at_precision(min_precision=0.98),1,,,,,0.0,recall_at_precision(min_precision=0.98),,,,,,,0.45,0.8,0.88,,,,,True,True,on,,bfc85146c44bb7396fdda631c8eb9ea97e9691bf,True,True,False,False
cswiki,2017-05-09 16:03:15,487dbe5cc51da5a1b6c9b35ab80c43d1f092ce9c,,,True,,,,,recall_at_precision(min_precision=0.98),1,,,,,0.0,recall_at_precision(min_precision=0.98),,,,,,,0.45,0.8,0.88,,,,,True,True,on,,bfc85146c44bb7396fdda631c8eb9ea97e9691bf,True,False,True,False
cswiki,2017-09-19 00:00:00,487dbe5cc51da5a1b6c9b35ab80c43d1f092ce9c,True,,True,,,,,recall_at_precision(min_precision=0.98),1,,,,,0.0,recall_at_precision(min_precision=0.98),,,,,,,0.45,0.8,0.88,,,,,True,True,,False,f28cd8d6cfc6913ab506d6a471347980987b1a25,False,False,True,False
cswiki,2018-03-14 16:09:06,5dfa70bd7e90d254e7aeb41055e428ad73ea8ef5,,,True,,,,,maximum recall @ precision >= 0.98,1,,,,,0.0,maximum recall @ precision >= 0.98,,,,,,,,,,,,,,True,True,,True,22f6ec8967a3b66019881f27bb37515eaae855bc,False,False,True,True
cswiki,2018-06-16 00:00:00,5dfa70bd7e90d254e7aeb41055e428ad73ea8ef5,True,,True,,True,,,maximum recall @ precision >= 0.98,1,,,,,0.0,maximum recall @ precision >= 0.98,,,,,,,,,,,,,,True,True,,True,22f6ec8967a3b66019881f27bb37515eaae855bc,False,False,True,True
cswiki,2018-07-18 03:05:19,b59dc054d75966cc444880ed9e6ed797a34a46e1,,,True,True,,,,maximum recall @ precision >= 0.98,1,,,,,0.0,maximum recall @ precision >= 0.98,,,,,,,,,,,,,,True,False,,True,b59dc054d75966cc444880ed9e6ed797a34a46e1,False,False,True,True
enwiki,2016-08-22 10:50:01,25d42eedf2f086480643810fd8c65a818eae7fd3,,,True,,,,,,,,,,,,,,,,,,,0.14,0.43,,,,,,True,,,,83721dc27d3ecadb550a759e9004c794ad0cb792,False,False,False,False
enwiki,2017-04-24 07:44:32,faa77e29375289fb63e88a5aef666fb2f887c2d4,,,True,,,0.28,1.0,0.938,1,0.0,0.663,,,,,0.879,1.0,0.0,0.398,,,0.17,0.49,0.96,0.86,1.0,0.0,0.115,True,False,beta,,9bf5037a356260c8718088a96e12271a28fe76d9,False,True,False,False
enwiki,2017-04-27 16:13:51,868fbd422cd1f9a8be9b4b4c85f3a0981036a851,,,True,,,recall_at_precision(min_precision=0.15),1.0,,,0.0,recall_at_precision(min_precision=0.15),,,0.0,recall_at_precision(min_precision=0.9),,,0.0,recall_at_precision(min_precision=0.99),,,0.17,0.49,0.96,,,,,True,True,on,,bfc85146c44bb7396fdda631c8eb9ea97e9691bf,True,False,True,False
enwiki,2017-05-08 11:44:51,0db678891bb20550a2992bb96df9d86ee6e337af,,,True,,,recall_at_precision(min_precision=0.15),1.0,,,0.0,recall_at_precision(min_precision=0.15),,,0.0,recall_at_precision(min_precision=0.9),recall_at_precision(min_precision=0.45),1.0,0.0,recall_at_precision(min_precision=0.99),recall_at_precision(min_precision=0.99),1.0,0.17,0.49,0.96,,,,,True,True,on,,bfc85146c44bb7396fdda631c8eb9ea97e9691bf,True,False,True,False
enwiki,2017-09-19 00:00:00,0db678891bb20550a2992bb96df9d86ee6e337af,True,,True,,,recall_at_precision(min_precision=0.15),1.0,,,0.0,recall_at_precision(min_precision=0.15),,,0.0,recall_at_precision(min_precision=0.9),recall_at_precision(min_precision=0.45),1.0,0.0,recall_at_precision(min_precision=0.99),recall_at_precision(min_precision=0.99),1.0,0.17,0.49,0.96,,,,,True,True,,False,f28cd8d6cfc6913ab506d6a471347980987b1a25,False,False,True,False
enwiki,2018-03-14 16:09:06,5dfa70bd7e90d254e7aeb41055e428ad73ea8ef5,,,True,,,maximum recall @ precision >= 0.15,1.0,,,0.0,maximum recall @ precision >= 0.15,,,0.0,maximum recall @ precision >= 0.9,maximum recall @ precision >= 0.45,1.0,0.0,maximum recall @ precision >= 0.99,maximum recall @ precision >= 0.99,1.0,,,,,,,,True,True,,True,22f6ec8967a3b66019881f27bb37515eaae855bc,False,False,True,True
enwiki,2018-06-16 00:00:00,5dfa70bd7e90d254e7aeb41055e428ad73ea8ef5,True,,True,,True,maximum recall @ precision >= 0.15,1.0,,,0.0,maximum recall @ precision >= 0.15,,,0.0,maximum recall @ precision >= 0.9,maximum recall @ precision >= 0.45,1.0,0.0,maximum recall @ precision >= 0.99,maximum recall @ precision >= 0.99,1.0,,,,,,,,True,True,,True,22f6ec8967a3b66019881f27bb37515eaae855bc,False,False,True,True
enwiki,2018-07-18 03:05:19,b59dc054d75966cc444880ed9e6ed797a34a46e1,,,True,True,,maximum recall @ precision >= 0.15,1.0,,,0.0,maximum recall @ precision >= 0.15,,,0.0,maximum recall @ precision >= 0.9,maximum recall @ precision >= 0.45,1.0,0.0,maximum recall @ precision >= 0.99,maximum recall @ precision >= 0.99,1.0,,,,,,,,True,False,,True,b59dc054d75966cc444880ed9e6ed797a34a46e1,False,False,True,True
eswiki,2018-02-28 16:10:27,27d82450bdba45256e571d0c791fd62663b0c91c,,,True,,,,,,,,,,,0.0,recall_at_precision(min_precision=0.98),,,,,,,,,,,,,,True,True,,True,22f6ec8967a3b66019881f27bb37515eaae855bc,False,False,True,True
eswiki,2018-03-14 16:09:06,5dfa70bd7e90d254e7aeb41055e428ad73ea8ef5,,,True,,,,,,,,,,,0.0,maximum recall @ precision >= 0.98,,,,,,,,,,,,,,True,True,,True,22f6ec8967a3b66019881f27bb37515eaae855bc,False,False,True,True
eswiki,2018-06-16 00:00:00,5dfa70bd7e90d254e7aeb41055e428ad73ea8ef5,True,,True,,True,,,,,,,,,0.0,maximum recall @ precision >= 0.98,,,,,,,,,,,,,,True,True,,True,22f6ec8967a3b66019881f27bb37515eaae855bc,False,False,True,True
eswiki,2018-07-18 03:05:19,b59dc054d75966cc444880ed9e6ed797a34a46e1,,,True,True,,,,,,,,,,0.0,maximum recall @ precision >= 0.98,,,,,,,,,,,,,,True,False,,True,b59dc054d75966cc444880ed9e6ed797a34a46e1,False,False,True,True
eswikibooks,2018-02-28 16:17:10,93a86535c030d171a804914a2bb3e783d557d4ba,,,True,,,,,,,,,,,0.0,recall_at_precision(min_precision=0.9),,,,,recall_at_precision(min_precision=0.99),1.0,,,,,,,,True,True,,True,22f6ec8967a3b66019881f27bb37515eaae855bc,False,False,True,True
eswikibooks,2018-03-14 16:09:06,5dfa70bd7e90d254e7aeb41055e428ad73ea8ef5,,,True,,,,,,,,,,,0.0,maximum recall @ precision >= 0.9,,,,,maximum recall @ precision >= 0.99,1.0,,,,,,,,True,True,,True,22f6ec8967a3b66019881f27bb37515eaae855bc,False,False,True,True
eswikibooks,2018-06-16 00:00:00,5dfa70bd7e90d254e7aeb41055e428ad73ea8ef5,True,,True,,True,,,,,,,,,0.0,maximum recall @ precision >= 0.9,,,,,maximum recall @ precision >= 0.99,1.0,,,,,,,,True,True,,True,22f6ec8967a3b66019881f27bb37515eaae855bc,False,False,True,True
eswikibooks,2018-07-18 03:05:19,b59dc054d75966cc444880ed9e6ed797a34a46e1,,,True,True,,,,,,,,,,0.0,maximum recall @ precision >= 0.9,,,,,maximum recall @ precision >= 0.99,1.0,,,,,,,,True,False,,True,b59dc054d75966cc444880ed9e6ed797a34a46e1,False,False,True,True
eswikiquote,2019-04-04 10:11:56,06ea37786d68d9b972b41beabc816e8abe3b29a0,,,True,True,,,,maximum recall @ precision >= 0.98,1,0.0,maximum recall @ precision >= 0.15,,,,,,,0.0,maximum recall @ precision >= 0.99,maximum recall @ precision >= 0.98,1.0,,,,,,,,True,,,,ef78f52b302c172f8991c37b802ac50e3be39e32,False,False,True,True
etwiki,2017-03-20 17:06:00,404754d41649366b0453f7826ec5c9cb09f07262,,,True,,,,,,,,,,,,,,,,,,,0.34,0.62,0.95,,,,,True,,beta,,717558663463f8876b10af829a9599744c856399,False,True,False,False
etwiki,2017-04-24 07:44:50,bfc85146c44bb7396fdda631c8eb9ea97e9691bf,False,beta,True,,,,,,,,,,,,,,,,,,,0.34,0.62,0.95,,,,,True,True,on,,bfc85146c44bb7396fdda631c8eb9ea97e9691bf,True,True,False,False
etwiki,2017-04-27 16:13:51,868fbd422cd1f9a8be9b4b4c85f3a0981036a851,False,beta,True,,,,,recall_at_precision(min_precision=0.98),1,,,,,0.0,recall_at_precision(min_precision=0.9),,,,,,,0.34,0.62,0.95,,,,,True,True,on,,bfc85146c44bb7396fdda631c8eb9ea97e9691bf,True,True,False,False
etwiki,2017-05-09 16:03:15,487dbe5cc51da5a1b6c9b35ab80c43d1f092ce9c,,,True,,,,,recall_at_precision(min_precision=0.98),1,,,,,0.0,recall_at_precision(min_precision=0.9),,,,,,,0.34,0.62,0.95,,,,,True,True,on,,bfc85146c44bb7396fdda631c8eb9ea97e9691bf,True,False,True,False
etwiki,2017-09-19 00:00:00,487dbe5cc51da5a1b6c9b35ab80c43d1f092ce9c,True,,True,,,,,recall_at_precision(min_precision=0.98),1,,,,,0.0,recall_at_precision(min_precision=0.9),,,,,,,0.34,0.62,0.95,,,,,True,True,,False,f28cd8d6cfc6913ab506d6a471347980987b1a25,False,False,True,False
etwiki,2018-03-14 16:09:06,5dfa70bd7e90d254e7aeb41055e428ad73ea8ef5,,,True,,,,,maximum recall @ precision >= 0.98,1,,,,,0.0,maximum recall @ precision >= 0.9,,,,,,,,,,,,,,True,True,,True,22f6ec8967a3b66019881f27bb37515eaae855bc,False,False,True,True
etwiki,2018-06-16 00:00:00,5dfa70bd7e90d254e7aeb41055e428ad73ea8ef5,True,,True,,True,,,maximum recall @ precision >= 0.98,1,,,,,0.0,maximum recall @ precision >= 0.9,,,,,,,,,,,,,,True,True,,True,22f6ec8967a3b66019881f27bb37515eaae855bc,False,False,True,True
etwiki,2018-07-18 03:05:19,b59dc054d75966cc444880ed9e6ed797a34a46e1,,,True,True,,,,maximum recall @ precision >= 0.98,1,,,,,0.0,maximum recall @ precision >= 0.9,,,,,,,,,,,,,,True,False,,True,b59dc054d75966cc444880ed9e6ed797a34a46e1,False,False,True,True
euwiki,2018-07-18 03:05:19,b59dc054d75966cc444880ed9e6ed797a34a46e1,,,True,,,,,,,,,,,,,,,,,,,,,,,,,,True,False,,True,b59dc054d75966cc444880ed9e6ed797a34a46e1,False,False,False,True
fawiki,2016-06-22 08:08:26,83721dc27d3ecadb550a759e9004c794ad0cb792,,,True,,,,,,,,,,,,,,,,,,,0.12,0.45,,,,,,True,,,,83721dc27d3ecadb550a759e9004c794ad0cb792,False,False,False,False
fawiki,2017-04-10 15:45:11,2f003068a67e7e23417eab9e4a4aa61ad5b35b48,,,True,,,0.33,1.0,0.963,1,0.0,0.608,,,,,0.941,1.0,0.0,0.495,,,0.07,0.37,0.9,0.381,1.0,0.0,0.042,True,False,beta,,9bf5037a356260c8718088a96e12271a28fe76d9,False,True,False,False
fawiki,2017-04-11 06:38:06,653ef7704f549485c006186a7f77c92a06435717,True,on,True,,,0.33,1.0,0.963,1,0.0,0.608,,,,,0.941,1.0,0.0,0.495,,,0.07,0.37,0.9,0.381,1.0,0.0,0.042,True,False,beta,,9bf5037a356260c8718088a96e12271a28fe76d9,True,False,True,False
fawiki,2017-04-24 07:44:50,bfc85146c44bb7396fdda631c8eb9ea97e9691bf,,,True,,,0.33,1.0,0.963,1,0.0,0.608,,,,,0.941,1.0,0.0,0.495,,,0.07,0.37,0.9,0.381,1.0,0.0,0.042,True,True,on,,bfc85146c44bb7396fdda631c8eb9ea97e9691bf,True,False,True,False
fawiki,2017-04-27 16:13:51,868fbd422cd1f9a8be9b4b4c85f3a0981036a851,,,True,,,recall_at_precision(min_precision=0.15),1.0,recall_at_precision(min_precision=0.6),1,0.0,recall_at_precision(min_precision=0.15),0.0,recall_at_precision(min_precision=0.45),0.0,recall_at_precision(min_precision=0.75),,,,,,,0.07,0.37,0.9,,,,,True,True,on,,bfc85146c44bb7396fdda631c8eb9ea97e9691bf,True,False,True,False
fawiki,2017-09-19 00:00:00,868fbd422cd1f9a8be9b4b4c85f3a0981036a851,True,,True,,,recall_at_precision(min_precision=0.15),1.0,recall_at_precision(min_precision=0.6),1,0.0,recall_at_precision(min_precision=0.15),0.0,recall_at_precision(min_precision=0.45),0.0,recall_at_precision(min_precision=0.75),,,,,,,0.07,0.37,0.9,,,,,True,True,,False,f28cd8d6cfc6913ab506d6a471347980987b1a25,False,False,True,False
fawiki,2017-12-09 03:10:52,c7fcbedb5ce048d3b3bac1d1b1bb1699b308c5e0,,,False,,,recall_at_precision(min_precision=0.15),1.0,recall_at_precision(min_precision=0.6),1,0.0,recall_at_precision(min_precision=0.15),0.0,recall_at_precision(min_precision=0.45),0.0,recall_at_precision(min_precision=0.75),,,,,,,,,,,,,,False,True,,True,22f6ec8967a3b66019881f27bb37515eaae855bc,False,False,False,False
fawiki,2017-12-11 16:27:39,a02677f8990f2340b22f2e15d0dc23bdb0903a31,,,True,,,recall_at_precision(min_precision=0.15),1.0,recall_at_precision(min_precision=0.6),1,0.0,recall_at_precision(min_precision=0.15),0.0,recall_at_precision(min_precision=0.45),0.0,recall_at_precision(min_precision=0.75),,,,,,,,,,,,,,True,True,,True,22f6ec8967a3b66019881f27bb37515eaae855bc,False,False,True,True
fawiki,2018-03-14 16:09:06,5dfa70bd7e90d254e7aeb41055e428ad73ea8ef5,,,True,,,maximum recall @ precision >= 0.15,1.0,maximum recall @ precision >= 0.6,1,0.0,maximum recall @ precision >= 0.15,0.0,maximum recall @ precision >= 0.45,0.0,maximum recall @ precision >= 0.75,,,,,,,,,,,,,,True,True,,True,22f6ec8967a3b66019881f27bb37515eaae855bc,False,False,True,True
fawiki,2018-06-16 00:00:00,5dfa70bd7e90d254e7aeb41055e428ad73ea8ef5,True,,True,,True,maximum recall @ precision >= 0.15,1.0,maximum recall @ precision >= 0.6,1,0.0,maximum recall @ precision >= 0.15,0.0,maximum recall @ precision >= 0.45,0.0,maximum recall @ precision >= 0.75,,,,,,,,,,,,,,True,True,,True,22f6ec8967a3b66019881f27bb37515eaae855bc,False,False,True,True
fawiki,2018-07-18 03:05:19,b59dc054d75966cc444880ed9e6ed797a34a46e1,,,True,True,,maximum recall @ precision >= 0.15,1.0,maximum recall @ precision >= 0.6,1,0.0,maximum recall @ precision >= 0.15,0.0,maximum recall @ precision >= 0.45,0.0,maximum recall @ precision >= 0.75,,,,,,,,,,,,,,True,False,,True,b59dc054d75966cc444880ed9e6ed797a34a46e1,False,False,True,True
fiwiki,2017-05-09 16:58:58,e1fe84e92afa60724f08790be34ef71a27cef5fe,,,True,,,,,,,,,,,0.0,recall_at_precision(min_precision=0.9),,,,,,,,,,,,,,True,True,on,,bfc85146c44bb7396fdda631c8eb9ea97e9691bf,True,False,True,False
fiwiki,2017-09-19 00:00:00,e1fe84e92afa60724f08790be34ef71a27cef5fe,True,,True,,,,,,,,,,,0.0,recall_at_precision(min_precision=0.9),,,,,,,,,,,,,,True,True,,False,f28cd8d6cfc6913ab506d6a471347980987b1a25,False,False,True,False
fiwiki,2018-03-14 16:09:06,5dfa70bd7e90d254e7aeb41055e428ad73ea8ef5,,,True,,,,,,,,,,,0.0,maximum recall @ precision >= 0.9,,,,,,,,,,,,,,True,True,,True,22f6ec8967a3b66019881f27bb37515eaae855bc,False,False,True,True
fiwiki,2018-06-16 00:00:00,5dfa70bd7e90d254e7aeb41055e428ad73ea8ef5,True,,True,,True,,,,,,,,,0.0,maximum recall @ precision >= 0.9,,,,,,,,,,,,,,True,True,,True,22f6ec8967a3b66019881f27bb37515eaae855bc,False,False,True,True
fiwiki,2018-07-18 03:05:19,b59dc054d75966cc444880ed9e6ed797a34a46e1,,,True,True,,,,,,,,,,0.0,maximum recall @ precision >= 0.9,,,,,,,,,,,,,,True,False,,True,b59dc054d75966cc444880ed9e6ed797a34a46e1,False,False,True,True
frwiki,2017-04-11 06:38:06,653ef7704f549485c006186a7f77c92a06435717,True,,,,,,,,,,,,,,,,,,,,,,,,,,,,False,False,beta,,9bf5037a356260c8718088a96e12271a28fe76d9,False,True,False,False
frwiki,2017-06-05 16:14:31,f9ff3876ed364b33883b28b634bbeb0e29735df9,,,True,,,,,,,,,,,0.0,recall_at_precision(min_precision=0.9),,,,,,,0.18,0.4,0.51,,,,,True,True,on,,bfc85146c44bb7396fdda631c8eb9ea97e9691bf,True,False,True,False
frwiki,2017-09-19 00:00:00,f9ff3876ed364b33883b28b634bbeb0e29735df9,True,,True,,,,,,,,,,,0.0,recall_at_precision(min_precision=0.9),,,,,,,0.18,0.4,0.51,,,,,True,True,,False,f28cd8d6cfc6913ab506d6a471347980987b1a25,False,False,True,False
frwiki,2017-11-09 05:55:18,2964fb0ac581277be404596f138c92663be76453,,,True,,,,,recall_at_precision(min_precision=0.85),1,,,,,0.0,recall_at_precision(min_precision=0.9),,,,,,,,,,,,,,True,True,,True,22f6ec8967a3b66019881f27bb37515eaae855bc,False,False,True,True
frwiki,2017-11-20 15:25:47,50cc4870cb9472eebd7780e5832fa3aa3a181110,,,False,,,,,recall_at_precision(min_precision=0.85),1,,,,,0.0,recall_at_precision(min_precision=0.9),,,,,,,,,,,,,,False,True,,True,22f6ec8967a3b66019881f27bb37515eaae855bc,False,False,False,False
frwiki,2017-11-27 13:35:54,0af3ea9e27a31d7988f43c507c9c43e127e5b52b,,,True,,,,,recall_at_precision(min_precision=0.85),1,,,,,0.0,recall_at_precision(min_precision=0.9),,,,,,,,,,,,,,True,True,,True,22f6ec8967a3b66019881f27bb37515eaae855bc,False,False,True,True
frwiki,2018-03-14 16:09:06,5dfa70bd7e90d254e7aeb41055e428ad73ea8ef5,,,True,,,,,maximum recall @ precision >= 0.85,1,,,,,0.0,maximum recall @ precision >= 0.9,,,,,,,,,,,,,,True,True,,True,22f6ec8967a3b66019881f27bb37515eaae855bc,False,False,True,True
frwiki,2018-06-16 00:00:00,5dfa70bd7e90d254e7aeb41055e428ad73ea8ef5,True,,True,,True,,,maximum recall @ precision >= 0.85,1,,,,,0.0,maximum recall @ precision >= 0.9,,,,,,,,,,,,,,True,True,,True,22f6ec8967a3b66019881f27bb37515eaae855bc,False,False,True,True
frwiki,2018-07-18 03:05:19,b59dc054d75966cc444880ed9e6ed797a34a46e1,,,True,True,,,,maximum recall @ precision >= 0.85,1,,,,,0.0,maximum recall @ precision >= 0.9,,,,,,,,,,,,,,True,False,,True,b59dc054d75966cc444880ed9e6ed797a34a46e1,False,False,True,True
hewiki,2017-04-10 11:03:14,c29cc1be56f4558fd3d837ef816f94488970a418,,,True,,,,,,,,,,,,,,,,,,,0.07,0.5,0.94,,,,,True,False,beta,,9bf5037a356260c8718088a96e12271a28fe76d9,False,True,False,False
hewiki,2017-04-24 07:44:50,bfc85146c44bb7396fdda631c8eb9ea97e9691bf,False,beta,True,,,,,,,,,,,,,,,,,,,0.07,0.5,0.94,,,,,True,True,on,,bfc85146c44bb7396fdda631c8eb9ea97e9691bf,True,True,False,False
hewiki,2017-04-27 16:13:51,868fbd422cd1f9a8be9b4b4c85f3a0981036a851,False,beta,True,,,,,recall_at_precision(min_precision=0.98),1,,,0.0,recall_at_precision(min_precision=0.45),0.0,recall_at_precision(min_precision=0.99),recall_at_precision(min_precision=0.45),1.0,,,,,0.07,0.5,0.94,,,,,True,True,on,,bfc85146c44bb7396fdda631c8eb9ea97e9691bf,True,True,False,False
hewiki,2017-05-09 16:03:15,487dbe5cc51da5a1b6c9b35ab80c43d1f092ce9c,,,True,,,,,recall_at_precision(min_precision=0.98),1,,,0.0,recall_at_precision(min_precision=0.45),0.0,recall_at_precision(min_precision=0.99),recall_at_precision(min_precision=0.45),1.0,,,,,0.07,0.5,0.94,,,,,True,True,on,,bfc85146c44bb7396fdda631c8eb9ea97e9691bf,True,False,True,False
hewiki,2017-09-19 00:00:00,487dbe5cc51da5a1b6c9b35ab80c43d1f092ce9c,True,,True,,,,,recall_at_precision(min_precision=0.98),1,,,0.0,recall_at_precision(min_precision=0.45),0.0,recall_at_precision(min_precision=0.99),recall_at_precision(min_precision=0.45),1.0,,,,,0.07,0.5,0.94,,,,,True,True,,False,f28cd8d6cfc6913ab506d6a471347980987b1a25,False,False,True,False
hewiki,2018-03-14 16:09:06,5dfa70bd7e90d254e7aeb41055e428ad73ea8ef5,,,True,,,,,maximum recall @ precision >= 0.98,1,,,0.0,maximum recall @ precision >= 0.45,0.0,maximum recall @ precision >= 0.99,maximum recall @ precision >= 0.45,1.0,,,,,,,,,,,,True,True,,True,22f6ec8967a3b66019881f27bb37515eaae855bc,False,False,True,True
hewiki,2018-06-16 00:00:00,5dfa70bd7e90d254e7aeb41055e428ad73ea8ef5,True,,True,,True,,,maximum recall @ precision >= 0.98,1,,,0.0,maximum recall @ precision >= 0.45,0.0,maximum recall @ precision >= 0.99,maximum recall @ precision >= 0.45,1.0,,,,,,,,,,,,True,True,,True,22f6ec8967a3b66019881f27bb37515eaae855bc,False,False,True,True
hewiki,2018-07-18 03:05:19,b59dc054d75966cc444880ed9e6ed797a34a46e1,,,True,True,,,,maximum recall @ precision >= 0.98,1,,,0.0,maximum recall @ precision >= 0.45,0.0,maximum recall @ precision >= 0.99,maximum recall @ precision >= 0.45,1.0,,,,,,,,,,,,True,False,,True,b59dc054d75966cc444880ed9e6ed797a34a46e1,False,False,True,True
huwiki,2018-05-09 16:13:46,1ae686e8140f4807973c90da888a14f26cd6ce32,,,True,,,maximum recall @ precision >= 0.15,,,,,,0.0,maximum recall @ precision >= 0.45,0.0,maximum recall @ precision >= 0.75,,,0.0,maximum precision @ recall >= 0.9,,,,,,,,,,True,True,,True,22f6ec8967a3b66019881f27bb37515eaae855bc,False,False,True,True
huwiki,2018-05-09 17:12:04,f10691d190d675dd95ac5f9d8175d6aa4285ccda,,,True,,,maximum recall @ precision >= 0.15,1.0,,,,,0.0,maximum recall @ precision >= 0.45,0.0,maximum recall @ precision >= 0.75,,,0.0,maximum precision @ recall >= 0.9,,,,,,,,,,True,True,,True,22f6ec8967a3b66019881f27bb37515eaae855bc,False,False,True,True
huwiki,2018-06-16 00:00:00,f10691d190d675dd95ac5f9d8175d6aa4285ccda,True,,True,,True,maximum recall @ precision >= 0.15,1.0,,,,,0.0,maximum recall @ precision >= 0.45,0.0,maximum recall @ precision >= 0.75,,,0.0,maximum precision @ recall >= 0.9,,,,,,,,,,True,True,,True,22f6ec8967a3b66019881f27bb37515eaae855bc,False,False,True,True
huwiki,2018-07-18 03:05:19,b59dc054d75966cc444880ed9e6ed797a34a46e1,,,True,True,,maximum recall @ precision >= 0.15,1.0,,,,,0.0,maximum recall @ precision >= 0.45,0.0,maximum recall @ precision >= 0.75,,,0.0,maximum precision @ recall >= 0.9,,,,,,,,,,True,False,,True,b59dc054d75966cc444880ed9e6ed797a34a46e1,False,False,True,True
huwiki,2019-09-24 17:48:09,3373247e123b5386a2189a7d8f8ecd4e9aa4744d,,,True,True,,maximum recall @ precision >= 0.15,1.0,,,0.0,maximum recall @ precision >= 0.15,,,0.0,maximum recall @ precision >= 0.85,,,0.0,maximum recall @ precision >= 0.999,maximum recall @ precision >= 0.999,1.0,,,,,,,,True,,,,ef78f52b302c172f8991c37b802ac50e3be39e32,False,False,True,True
itwiki,2019-02-13 16:24:09,5247e43b9008a8fedfe5104a5c07f0b6c684bb46,,,True,True,,,,maximum recall @ precision >= 0.75,1,,,,,,,maximum recall @ precision >= 0.45,1.0,,,,,,,,,,,,True,,,,ef78f52b302c172f8991c37b802ac50e3be39e32,False,False,True,True
itwiki,2019-03-04 11:19:40,2a10d78048fe7e3648e646351511b6da0e107406,,,True,True,,,,maximum recall @ precision >= 0.75,1,0.0,maximum recall @ precision >= 0.15,,,0.0,maximum recall @ precision >= 0.9,maximum recall @ precision >= 0.45,1.0,,,,,,,,,,,,True,,,,ef78f52b302c172f8991c37b802ac50e3be39e32,False,False,True,True
itwiki,2019-03-04 11:24:34,1e7ca13535f5897985f16fb9b51801cec1479a9d,,,True,True,,,,maximum recall @ precision >= 0.75,1,,,,,,,maximum recall @ precision >= 0.45,1.0,,,,,,,,,,,,True,,,,ef78f52b302c172f8991c37b802ac50e3be39e32,False,False,True,True
itwiki,2019-03-04 16:15:27,d02055a922d9e1e4fec7a56942257515571c39de,,,True,True,,,,maximum recall @ precision >= 0.75,1,0.0,maximum recall @ precision >= 0.15,,,0.0,maximum recall @ precision >= 0.9,maximum recall @ precision >= 0.45,1.0,,,,,,,,,,,,True,,,,ef78f52b302c172f8991c37b802ac50e3be39e32,False,False,True,True
kowiki,2019-03-04 11:26:06,5574c85114269ad038dc5332381b38050d9d3e40,,,,True,,,,maximum recall @ precision >= 0.75,1,0.0,maximum recall @ precision >= 0.15,,,,,maximum recall @ precision >= 0.45,1.0,0.0,maximum recall @ precision >= 0.99,maximum recall @ precision >= 0.99,1.0,,,,,,,,False,,,,ef78f52b302c172f8991c37b802ac50e3be39e32,False,False,True,False
kowiki,2019-03-04 16:03:10,70efd20585c5ec6846d789a1279f9421debc4a1c,,,True,True,,,,maximum recall @ precision >= 0.75,1,0.0,maximum recall @ precision >= 0.15,,,,,maximum recall @ precision >= 0.45,1.0,0.0,maximum recall @ precision >= 0.99,maximum recall @ precision >= 0.99,1.0,,,,,,,,True,,,,ef78f52b302c172f8991c37b802ac50e3be39e32,False,False,True,True
lvwiki,2018-05-09 16:13:37,1a40cea4dccd7b480ec93bf76ae718c052550ea4,,,True,,,,,,,0.0,maximum recall @ precision >= 0.15,,,0.0,maximum recall @ precision >= 0.9,,,0.0,maximum recall @ precision >= 0.998,maximum recall @ precision => 0.997,1.0,,,,,,,,True,True,,True,22f6ec8967a3b66019881f27bb37515eaae855bc,False,False,True,True
lvwiki,2018-05-09 16:49:28,91cf96ed03b3f68c78712f593da42bbea83a49cc,,,True,,,,,,,0.0,maximum recall @ precision >= 0.15,,,0.0,maximum recall @ precision >= 0.9,,,0.0,maximum recall @ precision >= 0.998,maximum recall @ precision >= 0.997,1.0,,,,,,,,True,True,,True,22f6ec8967a3b66019881f27bb37515eaae855bc,False,False,True,True
lvwiki,2018-06-16 00:00:00,91cf96ed03b3f68c78712f593da42bbea83a49cc,True,,True,,True,,,,,0.0,maximum recall @ precision >= 0.15,,,0.0,maximum recall @ precision >= 0.9,,,0.0,maximum recall @ precision >= 0.998,maximum recall @ precision >= 0.997,1.0,,,,,,,,True,True,,True,22f6ec8967a3b66019881f27bb37515eaae855bc,False,False,True,True
lvwiki,2018-07-18 03:05:19,b59dc054d75966cc444880ed9e6ed797a34a46e1,,,True,True,,,,,,0.0,maximum recall @ precision >= 0.15,,,0.0,maximum recall @ precision >= 0.9,,,0.0,maximum recall @ precision >= 0.998,maximum recall @ precision >= 0.997,1.0,,,,,,,,True,False,,True,b59dc054d75966cc444880ed9e6ed797a34a46e1,False,False,True,True
lvwiki,2019-08-26 11:10:34,6812b3e2522b5e46d1f5901b30bb6c401b2c86ee,,,True,True,,,,,,0.0,maximum recall @ precision >= 0.15,,,0.0,maximum recall @ precision >= 0.9,,,0.0,maximum recall @ precision >= 0.995,maximum recall @ precision >= 0.997,1.0,,,,,,,,True,,,,ef78f52b302c172f8991c37b802ac50e3be39e32,False,False,True,True
mediawikiwiki,2017-03-28 06:02:38,d420380844eec11ee1883cd7d41f08e8f85ebc90,True,,,,,,,,,,,,,,,,,,,,,,,,,,,,False,False,beta,,9bf5037a356260c8718088a96e12271a28fe76d9,False,True,False,False
mediawikiwiki,2017-09-19 00:00:00,d420380844eec11ee1883cd7d41f08e8f85ebc90,True,,,,,,,,,,,,,,,,,,,,,,,,,,,,False,True,,False,f28cd8d6cfc6913ab506d6a471347980987b1a25,False,False,False,False
mediawikiwiki,2018-06-16 00:00:00,d420380844eec11ee1883cd7d41f08e8f85ebc90,True,,,,True,,,,,,,,,,,,,,,,,,,,,,,,False,True,,True,22f6ec8967a3b66019881f27bb37515eaae855bc,False,False,False,False
nlwiki,2016-07-05 16:26:23,ff109eed837bd1355994a3c4f3293716b410db1b,,,True,,,,,,,,,,,,,,,,,,,0.3,0.72,,,,,,True,,,,83721dc27d3ecadb550a759e9004c794ad0cb792,False,False,False,False
nlwiki,2017-04-24 07:44:50,bfc85146c44bb7396fdda631c8eb9ea97e9691bf,False,beta,True,,,,,,,,,,,,,,,,,,,0.39,0.75,0.95,,,,,True,True,on,,bfc85146c44bb7396fdda631c8eb9ea97e9691bf,True,True,False,False
nlwiki,2017-04-27 16:13:51,868fbd422cd1f9a8be9b4b4c85f3a0981036a851,False,beta,True,,,,,,,,,,,0.0,recall_at_precision(min_precision=0.9),,,0.0,recall_at_precision(min_precision=0.99),,,0.39,0.75,0.95,,,,,True,True,on,,bfc85146c44bb7396fdda631c8eb9ea97e9691bf,True,True,False,False
nlwiki,2017-05-09 16:03:15,487dbe5cc51da5a1b6c9b35ab80c43d1f092ce9c,,,True,,,,,,,,,,,0.0,recall_at_precision(min_precision=0.9),,,0.0,recall_at_precision(min_precision=0.99),,,0.39,0.75,0.95,,,,,True,True,on,,bfc85146c44bb7396fdda631c8eb9ea97e9691bf,True,False,True,False
nlwiki,2017-09-19 00:00:00,487dbe5cc51da5a1b6c9b35ab80c43d1f092ce9c,True,,True,,,,,,,,,,,0.0,recall_at_precision(min_precision=0.9),,,0.0,recall_at_precision(min_precision=0.99),,,0.39,0.75,0.95,,,,,True,True,,False,f28cd8d6cfc6913ab506d6a471347980987b1a25,False,False,True,False
nlwiki,2018-03-14 16:09:06,5dfa70bd7e90d254e7aeb41055e428ad73ea8ef5,,,True,,,,,,,,,,,0.0,maximum recall @ precision >= 0.9,,,0.0,maximum recall @ precision >= 0.99,,,,,,,,,,True,True,,True,22f6ec8967a3b66019881f27bb37515eaae855bc,False,False,True,True
nlwiki,2018-06-16 00:00:00,5dfa70bd7e90d254e7aeb41055e428ad73ea8ef5,True,,True,,True,,,,,,,,,0.0,maximum recall @ precision >= 0.9,,,0.0,maximum recall @ precision >= 0.99,,,,,,,,,,True,True,,True,22f6ec8967a3b66019881f27bb37515eaae855bc,False,False,True,True
nlwiki,2018-07-18 03:05:19,b59dc054d75966cc444880ed9e6ed797a34a46e1,,,True,True,,,,,,,,,,0.0,maximum recall @ precision >= 0.9,,,0.0,maximum recall @ precision >= 0.99,,,,,,,,,,True,False,,True,b59dc054d75966cc444880ed9e6ed797a34a46e1,False,False,True,True
plwiki,2016-08-16 08:15:45,9cf08184d45ba9f6de8f8dbc212535e5f6324b80,,,True,,,,,,,,,,,,,,,,,,,0.11,0.4,,,,,,True,,,,83721dc27d3ecadb550a759e9004c794ad0cb792,False,False,False,False
plwiki,2017-03-28 06:02:38,d420380844eec11ee1883cd7d41f08e8f85ebc90,True,on,True,,,,,,,,,,,,,,,,,,,0.19,0.41,0.92,,,,,True,False,beta,,9bf5037a356260c8718088a96e12271a28fe76d9,True,False,True,False
plwiki,2017-04-04 16:03:41,a1e2f0f839931d1081ad750bde9f8326bd06ff48,True,on,True,,,0.373,1.0,0.851,1,0.0,0.938,,,,,0.733,1.0,0.0,0.7,,,0.19,0.41,0.92,0.72,1.0,0.0,0.708,True,False,beta,,9bf5037a356260c8718088a96e12271a28fe76d9,True,False,True,False
plwiki,2017-04-06 10:42:48,af76c0051e5516112b1d7273d85550af5de5f0b4,True,on,True,,,0.197,1.0,0.587,1,0.0,0.766,,,,,0.422,1.0,0.0,0.4,,,0.19,0.41,0.92,0.852,1.0,0.0,0.472,True,False,beta,,9bf5037a356260c8718088a96e12271a28fe76d9,True,False,True,False
plwiki,2017-04-06 12:30:40,17423bc6b3543ff3b78555595bfac64fb4095717,True,on,True,,,0.392,1.0,0.852,1,0.0,0.909,,,,,0.75,1.0,0.0,0.472,,,0.19,0.41,0.92,0.587,1.0,0.0,0.46,True,False,beta,,9bf5037a356260c8718088a96e12271a28fe76d9,True,False,True,False
plwiki,2017-04-24 07:44:50,bfc85146c44bb7396fdda631c8eb9ea97e9691bf,,,True,,,0.392,1.0,0.852,1,0.0,0.909,,,,,0.75,1.0,0.0,0.472,,,0.19,0.41,0.92,0.587,1.0,0.0,0.46,True,True,on,,bfc85146c44bb7396fdda631c8eb9ea97e9691bf,True,False,True,False
plwiki,2017-04-27 16:13:51,868fbd422cd1f9a8be9b4b4c85f3a0981036a851,,,True,,,,,recall_at_precision(min_precision=0.98),1,,,,,0.0,recall_at_precision(min_precision=0.98),recall_at_precision(min_precision=0.75),1.0,,,,,0.19,0.41,0.92,,,,,True,True,on,,bfc85146c44bb7396fdda631c8eb9ea97e9691bf,True,False,True,False
plwiki,2017-09-19 00:00:00,868fbd422cd1f9a8be9b4b4c85f3a0981036a851,True,,True,,,,,recall_at_precision(min_precision=0.98),1,,,,,0.0,recall_at_precision(min_precision=0.98),recall_at_precision(min_precision=0.75),1.0,,,,,0.19,0.41,0.92,,,,,True,True,,False,f28cd8d6cfc6913ab506d6a471347980987b1a25,False,False,True,False
plwiki,2018-03-14 16:09:06,5dfa70bd7e90d254e7aeb41055e428ad73ea8ef5,,,True,,,,,maximum recall @ precision >= 0.98,1,,,,,0.0,maximum recall @ precision >= 0.98,maximum recall @ precision >= 0.75,1.0,,,,,,,,,,,,True,True,,True,22f6ec8967a3b66019881f27bb37515eaae855bc,False,False,True,True
plwiki,2018-06-16 00:00:00,5dfa70bd7e90d254e7aeb41055e428ad73ea8ef5,True,,True,,True,,,maximum recall @ precision >= 0.98,1,,,,,0.0,maximum recall @ precision >= 0.98,maximum recall @ precision >= 0.75,1.0,,,,,,,,,,,,True,True,,True,22f6ec8967a3b66019881f27bb37515eaae855bc,False,False,True,True
plwiki,2018-07-18 03:05:19,b59dc054d75966cc444880ed9e6ed797a34a46e1,,,True,True,,,,maximum recall @ precision >= 0.98,1,,,,,0.0,maximum recall @ precision >= 0.98,maximum recall @ precision >= 0.75,1.0,,,,,,,,,,,,True,False,,True,b59dc054d75966cc444880ed9e6ed797a34a46e1,False,False,True,True
ptwiki,2016-07-07 16:31:26,cfe1a0ab37369f02c5b7e5832d00d7d553cddf56,,,True,,,,,,,,,,,,,,,,,,,0.22,0.48,,,,,,True,,,,83721dc27d3ecadb550a759e9004c794ad0cb792,False,False,False,False
ptwiki,2017-03-28 06:02:38,d420380844eec11ee1883cd7d41f08e8f85ebc90,True,on,True,,,,,,,,,,,,,,,,,,,0.24,0.57,0.94,,,,,True,False,beta,,9bf5037a356260c8718088a96e12271a28fe76d9,True,False,True,False
ptwiki,2017-04-04 16:03:41,a1e2f0f839931d1081ad750bde9f8326bd06ff48,True,on,True,,,0.29,1.0,0.95,1,0.0,0.256,,,,,0.739,1.0,0.0,0.546,,,0.24,0.57,0.94,0.403,1.0,0.0,0.047,True,False,beta,,9bf5037a356260c8718088a96e12271a28fe76d9,True,False,True,False
ptwiki,2017-04-06 10:42:48,af76c0051e5516112b1d7273d85550af5de5f0b4,True,on,True,,,0.294,1.0,0.956,1,0.0,0.449,,,,,0.734,1.0,0.0,0.303,,,0.24,0.57,0.94,0.4,1.0,0.0,0.256,True,False,beta,,9bf5037a356260c8718088a96e12271a28fe76d9,True,False,True,False
ptwiki,2017-04-06 12:30:40,17423bc6b3543ff3b78555595bfac64fb4095717,True,on,True,,,0.294,1.0,0.956,1,0.0,0.715,,,,,0.734,1.0,0.0,0.303,,,0.24,0.57,0.94,0.4,1.0,0.0,0.256,True,False,beta,,9bf5037a356260c8718088a96e12271a28fe76d9,True,False,True,False
ptwiki,2017-04-24 07:44:50,bfc85146c44bb7396fdda631c8eb9ea97e9691bf,,,True,,,0.294,1.0,0.956,1,0.0,0.715,,,,,0.734,1.0,0.0,0.303,,,0.24,0.57,0.94,0.4,1.0,0.0,0.256,True,True,on,,bfc85146c44bb7396fdda631c8eb9ea97e9691bf,True,False,True,False
ptwiki,2017-04-27 16:13:51,868fbd422cd1f9a8be9b4b4c85f3a0981036a851,,,True,,,,,,,,,,,0.0,recall_at_precision(min_precision=0.9),,,0.0,recall_at_precision(min_precision=0.99),,,0.24,0.57,0.94,,,,,True,True,on,,bfc85146c44bb7396fdda631c8eb9ea97e9691bf,True,False,True,False
ptwiki,2017-09-19 00:00:00,868fbd422cd1f9a8be9b4b4c85f3a0981036a851,True,,True,,,,,,,,,,,0.0,recall_at_precision(min_precision=0.9),,,0.0,recall_at_precision(min_precision=0.99),,,0.24,0.57,0.94,,,,,True,True,,False,f28cd8d6cfc6913ab506d6a471347980987b1a25,False,False,True,False
ptwiki,2018-03-14 16:09:06,5dfa70bd7e90d254e7aeb41055e428ad73ea8ef5,,,True,,,,,,,,,,,0.0,maximum recall @ precision >= 0.9,,,0.0,maximum recall @ precision >= 0.99,,,,,,,,,,True,True,,True,22f6ec8967a3b66019881f27bb37515eaae855bc,False,False,True,True
ptwiki,2018-06-16 00:00:00,5dfa70bd7e90d254e7aeb41055e428ad73ea8ef5,True,,True,,True,,,,,,,,,0.0,maximum recall @ precision >= 0.9,,,0.0,maximum recall @ precision >= 0.99,,,,,,,,,,True,True,,True,22f6ec8967a3b66019881f27bb37515eaae855bc,False,False,True,True
ptwiki,2018-07-18 03:05:19,b59dc054d75966cc444880ed9e6ed797a34a46e1,,,True,True,,,,,,,,,,0.0,maximum recall @ precision >= 0.9,,,0.0,maximum recall @ precision >= 0.99,,,,,,,,,,True,False,,True,b59dc054d75966cc444880ed9e6ed797a34a46e1,False,False,True,True
rowiki,2017-07-24 16:00:56,05953ea411652f54149ee42c747e22ca76d8d7a6,,,True,,,,,recall_at_precision(min_precision=0.75),,,,,,0.0,recall_at_precision(min_precision=0.75),,,,,filter_rate_at_recall(min_recall=0.9),1.0,,,,,,,,True,True,,,eff16d3f73b609f78d5afa74f9201dd04ebc4654,False,False,True,False
rowiki,2017-07-24 16:12:05,cc5dcc7c290644c365c18e861503368717766ea7,,,True,,,,,recall_at_precision(min_precision=0.75),1,,,,,0.0,recall_at_precision(min_precision=0.75),,,,,filter_rate_at_recall(min_recall=0.9),1.0,,,,,,,,True,True,,,eff16d3f73b609f78d5afa74f9201dd04ebc4654,False,False,True,False
rowiki,2017-09-19 00:00:00,cc5dcc7c290644c365c18e861503368717766ea7,True,,True,,,,,recall_at_precision(min_precision=0.75),1,,,,,0.0,recall_at_precision(min_precision=0.75),,,,,filter_rate_at_recall(min_recall=0.9),1.0,,,,,,,,True,True,,False,f28cd8d6cfc6913ab506d6a471347980987b1a25,False,False,True,False
rowiki,2018-03-14 16:09:06,5dfa70bd7e90d254e7aeb41055e428ad73ea8ef5,,,True,,,,,maximum recall @ precision >= 0.75,1,,,,,0.0,maximum recall @ precision >= 0.75,,,,,maximum filter_rate @ recall >= 0.9,1.0,,,,,,,,True,True,,True,22f6ec8967a3b66019881f27bb37515eaae855bc,False,False,True,True
rowiki,2018-06-16 00:00:00,5dfa70bd7e90d254e7aeb41055e428ad73ea8ef5,True,,True,,True,,,maximum recall @ precision >= 0.75,1,,,,,0.0,maximum recall @ precision >= 0.75,,,,,maximum filter_rate @ recall >= 0.9,1.0,,,,,,,,True,True,,True,22f6ec8967a3b66019881f27bb37515eaae855bc,False,False,True,True
rowiki,2018-07-18 03:05:19,b59dc054d75966cc444880ed9e6ed797a34a46e1,,,True,True,,,,maximum recall @ precision >= 0.75,1,,,,,0.0,maximum recall @ precision >= 0.75,,,,,maximum filter_rate @ recall >= 0.9,1.0,,,,,,,,True,False,,True,b59dc054d75966cc444880ed9e6ed797a34a46e1,False,False,True,True
ruwiki,2016-07-06 16:43:03,2b6591969c07645c38d2649258b4a3893b7c5ec4,,,True,,,,,,,,,,,,,,,,,,,0.44,0.69,,,,,,True,,,,83721dc27d3ecadb550a759e9004c794ad0cb792,False,False,False,False
ruwiki,2017-04-10 15:45:11,2f003068a67e7e23417eab9e4a4aa61ad5b35b48,,,True,,,0.466,1.0,0.935,1,0.0,0.549,,,,,0.859,1.0,0.0,0.599,,,0.5,0.73,0.95,0.57,1.0,0.0,0.081,True,False,beta,,9bf5037a356260c8718088a96e12271a28fe76d9,False,True,False,False
ruwiki,2017-04-11 06:38:06,653ef7704f549485c006186a7f77c92a06435717,True,on,True,,,0.466,1.0,0.935,1,0.0,0.549,,,,,0.859,1.0,0.0,0.599,,,0.5,0.73,0.95,0.57,1.0,0.0,0.081,True,False,beta,,9bf5037a356260c8718088a96e12271a28fe76d9,True,False,True,False
ruwiki,2017-04-24 07:44:50,bfc85146c44bb7396fdda631c8eb9ea97e9691bf,,,True,,,0.466,1.0,0.935,1,0.0,0.549,,,,,0.859,1.0,0.0,0.599,,,0.5,0.73,0.95,0.57,1.0,0.0,0.081,True,True,on,,bfc85146c44bb7396fdda631c8eb9ea97e9691bf,True,False,True,False
ruwiki,2017-04-27 16:13:51,868fbd422cd1f9a8be9b4b4c85f3a0981036a851,,,True,,,,,recall_at_precision(min_precision=0.75),1,0.0,recall_at_precision(min_precision=0.15),0.0,recall_at_precision(min_precision=0.45),0.0,recall_at_precision(min_precision=0.75),recall_at_precision(min_precision=0.45),1.0,0.0,recall_at_precision(min_precision=0.99),,,0.5,0.73,0.95,,,,,True,True,on,,bfc85146c44bb7396fdda631c8eb9ea97e9691bf,True,False,True,False
ruwiki,2017-09-19 00:00:00,868fbd422cd1f9a8be9b4b4c85f3a0981036a851,True,,True,,,,,recall_at_precision(min_precision=0.75),1,0.0,recall_at_precision(min_precision=0.15),0.0,recall_at_precision(min_precision=0.45),0.0,recall_at_precision(min_precision=0.75),recall_at_precision(min_precision=0.45),1.0,0.0,recall_at_precision(min_precision=0.99),,,0.5,0.73,0.95,,,,,True,True,,False,f28cd8d6cfc6913ab506d6a471347980987b1a25,False,False,True,False
ruwiki,2017-11-20 15:25:47,50cc4870cb9472eebd7780e5832fa3aa3a181110,,,False,,,,,recall_at_precision(min_precision=0.75),1,0.0,recall_at_precision(min_precision=0.15),0.0,recall_at_precision(min_precision=0.45),0.0,recall_at_precision(min_precision=0.75),recall_at_precision(min_precision=0.45),1.0,0.0,recall_at_precision(min_precision=0.99),,,,,,,,,,False,True,,True,22f6ec8967a3b66019881f27bb37515eaae855bc,False,False,False,False
ruwiki,2017-11-27 13:35:54,0af3ea9e27a31d7988f43c507c9c43e127e5b52b,,,True,,,,,recall_at_precision(min_precision=0.75),1,0.0,recall_at_precision(min_precision=0.15),0.0,recall_at_precision(min_precision=0.45),0.0,recall_at_precision(min_precision=0.75),recall_at_precision(min_precision=0.45),1.0,0.0,recall_at_precision(min_precision=0.99),,,,,,,,,,True,True,,True,22f6ec8967a3b66019881f27bb37515eaae855bc,False,False,True,True
ruwiki,2018-03-14 16:09:06,5dfa70bd7e90d254e7aeb41055e428ad73ea8ef5,,,True,,,,,maximum recall @ precision >= 0.75,1,0.0,maximum recall @ precision >= 0.15,0.0,maximum recall @ precision >= 0.45,0.0,maximum recall @ precision >= 0.75,maximum recall @ precision >= 0.45,1.0,0.0,maximum recall @ precision >= 0.99,,,,,,,,,,True,True,,True,22f6ec8967a3b66019881f27bb37515eaae855bc,False,False,True,True
ruwiki,2018-06-16 00:00:00,5dfa70bd7e90d254e7aeb41055e428ad73ea8ef5,True,,True,,True,,,maximum recall @ precision >= 0.75,1,0.0,maximum recall @ precision >= 0.15,0.0,maximum recall @ precision >= 0.45,0.0,maximum recall @ precision >= 0.75,maximum recall @ precision >= 0.45,1.0,0.0,maximum recall @ precision >= 0.99,,,,,,,,,,True,True,,True,22f6ec8967a3b66019881f27bb37515eaae855bc,False,False,True,True
ruwiki,2018-07-18 03:05:19,b59dc054d75966cc444880ed9e6ed797a34a46e1,,,True,True,,,,maximum recall @ precision >= 0.75,1,0.0,maximum recall @ precision >= 0.15,0.0,maximum recall @ precision >= 0.45,0.0,maximum recall @ precision >= 0.75,maximum recall @ precision >= 0.45,1.0,0.0,maximum recall @ precision >= 0.99,,,,,,,,,,True,False,,True,b59dc054d75966cc444880ed9e6ed797a34a46e1,False,False,True,True
simplewiki,2018-02-26 16:31:19,081fc34336792854b75381bdb079e862f8f88f40,,,True,,,recall_at_precision(min_precision=0.15),1.0,,,0.0,recall_at_precision(min_precision=0.15),,,0.0,recall_at_precision(min_precision=0.9),recall_at_precision(min_precision=0.45),1.0,0.0,recall_at_precision(min_precision=0.99),recall_at_precision(min_precision=0.99),1.0,,,,,,,,True,True,,True,22f6ec8967a3b66019881f27bb37515eaae855bc,False,False,True,True
simplewiki,2018-03-14 16:09:06,5dfa70bd7e90d254e7aeb41055e428ad73ea8ef5,,,True,,,maximum recall @ precision >= 0.15,1.0,,,0.0,maximum recall @ precision >= 0.15,,,0.0,maximum recall @ precision >= 0.9,maximum recall @ precision >= 0.45,1.0,0.0,maximum recall @ precision >= 0.99,maximum recall @ precision >= 0.99,1.0,,,,,,,,True,True,,True,22f6ec8967a3b66019881f27bb37515eaae855bc,False,False,True,True
simplewiki,2018-06-16 00:00:00,5dfa70bd7e90d254e7aeb41055e428ad73ea8ef5,True,,True,,True,maximum recall @ precision >= 0.15,1.0,,,0.0,maximum recall @ precision >= 0.15,,,0.0,maximum recall @ precision >= 0.9,maximum recall @ precision >= 0.45,1.0,0.0,maximum recall @ precision >= 0.99,maximum recall @ precision >= 0.99,1.0,,,,,,,,True,True,,True,22f6ec8967a3b66019881f27bb37515eaae855bc,False,False,True,True
simplewiki,2018-07-18 03:05:19,b59dc054d75966cc444880ed9e6ed797a34a46e1,,,True,True,,maximum recall @ precision >= 0.15,1.0,,,0.0,maximum recall @ precision >= 0.15,,,0.0,maximum recall @ precision >= 0.9,maximum recall @ precision >= 0.45,1.0,0.0,maximum recall @ precision >= 0.99,maximum recall @ precision >= 0.99,1.0,,,,,,,,True,False,,True,b59dc054d75966cc444880ed9e6ed797a34a46e1,False,False,True,True
sqwiki,2017-07-24 16:00:56,05953ea411652f54149ee42c747e22ca76d8d7a6,,,True,,,,,,,0.0,recall_at_precision(min_precision=0.15),0.0,recall_at_precision(min_precision=0.45),0.0,recall_at_precision(min_precision=0.9),,,0.0,filter_rate_at_recall(min_recall=0.9),filter_rate_at_recall(min_recall=0.9),1.0,,,,,,,,True,True,,,eff16d3f73b609f78d5afa74f9201dd04ebc4654,False,False,True,False
sqwiki,2017-09-19 00:00:00,05953ea411652f54149ee42c747e22ca76d8d7a6,True,,True,,,,,,,0.0,recall_at_precision(min_precision=0.15),0.0,recall_at_precision(min_precision=0.45),0.0,recall_at_precision(min_precision=0.9),,,0.0,filter_rate_at_recall(min_recall=0.9),filter_rate_at_recall(min_recall=0.9),1.0,,,,,,,,True,True,,False,f28cd8d6cfc6913ab506d6a471347980987b1a25,False,False,True,False
sqwiki,2018-03-14 16:09:06,5dfa70bd7e90d254e7aeb41055e428ad73ea8ef5,,,True,,,,,,,0.0,maximum recall @ precision >= 0.15,0.0,maximum recall @ precision >= 0.45,0.0,maximum recall @ precision >= 0.9,,,0.0,maximum filter_rate @ recall >= 0.9,maximum filter_rate @ recall >= 0.9,1.0,,,,,,,,True,True,,True,22f6ec8967a3b66019881f27bb37515eaae855bc,False,False,True,True
sqwiki,2018-06-16 00:00:00,5dfa70bd7e90d254e7aeb41055e428ad73ea8ef5,True,,True,,True,,,,,0.0,maximum recall @ precision >= 0.15,0.0,maximum recall @ precision >= 0.45,0.0,maximum recall @ precision >= 0.9,,,0.0,maximum filter_rate @ recall >= 0.9,maximum filter_rate @ recall >= 0.9,1.0,,,,,,,,True,True,,True,22f6ec8967a3b66019881f27bb37515eaae855bc,False,False,True,True
sqwiki,2018-07-18 03:05:19,b59dc054d75966cc444880ed9e6ed797a34a46e1,,,True,True,,,,,,0.0,maximum recall @ precision >= 0.15,0.0,maximum recall @ precision >= 0.45,0.0,maximum recall @ precision >= 0.9,,,0.0,maximum filter_rate @ recall >= 0.9,maximum filter_rate @ recall >= 0.9,1.0,,,,,,,,True,False,,True,b59dc054d75966cc444880ed9e6ed797a34a46e1,False,False,True,True
srwiki,2018-07-09 11:53:17,c556e8e64304c8846505c07f6adafdb301d7edec,,,True,,,,,maximum recall @ precision >= 0.75,1,,,,,,,maximum recall @ precision >= 0.45,1.0,0.0,maximum recall @ precision >= 0.999,,,,,,,,,,True,True,,True,22f6ec8967a3b66019881f27bb37515eaae855bc,False,False,True,True
srwiki,2018-07-18 03:05:19,b59dc054d75966cc444880ed9e6ed797a34a46e1,,,True,True,,,,maximum recall @ precision >= 0.75,1,,,,,,,maximum recall @ precision >= 0.45,1.0,0.0,maximum recall @ precision >= 0.999,,,,,,,,,,True,False,,True,b59dc054d75966cc444880ed9e6ed797a34a46e1,False,False,True,True
svwiki,2018-02-26 16:42:25,236766701c4e0bbae60e0ffd331fbff9355ae4b3,,,True,,,,,recall_at_precision(min_precision=0.98),1,,,,,,,recall_at_precision(min_precision=0.75),1.0,,,recall_at_precision(min_precision=0.999),1.0,,,,,,,,True,True,,True,22f6ec8967a3b66019881f27bb37515eaae855bc,False,False,True,True
svwiki,2018-02-26 16:51:21,733e003a1a6bbac641ab024a1328a2b2819299c1,,,True,,,,,recall_at_precision(min_precision=0.98),1,,,,,0.0,recall_at_precision(min_precision=0.9),recall_at_precision(min_precision=0.75),1.0,,,recall_at_precision(min_precision=0.999),1.0,,,,,,,,True,True,,True,22f6ec8967a3b66019881f27bb37515eaae855bc,False,False,True,True
svwiki,2018-03-14 16:09:06,5dfa70bd7e90d254e7aeb41055e428ad73ea8ef5,,,True,,,,,maximum recall @ precision >= 0.98,1,,,,,0.0,maximum recall @ precision >= 0.9,maximum recall @ precision >= 0.75,1.0,,,maximum recall @ precision >= 0.999,1.0,,,,,,,,True,True,,True,22f6ec8967a3b66019881f27bb37515eaae855bc,False,False,True,True
svwiki,2018-06-16 00:00:00,5dfa70bd7e90d254e7aeb41055e428ad73ea8ef5,True,,True,,True,,,maximum recall @ precision >= 0.98,1,,,,,0.0,maximum recall @ precision >= 0.9,maximum recall @ precision >= 0.75,1.0,,,maximum recall @ precision >= 0.999,1.0,,,,,,,,True,True,,True,22f6ec8967a3b66019881f27bb37515eaae855bc,False,False,True,True
svwiki,2018-07-18 03:05:19,b59dc054d75966cc444880ed9e6ed797a34a46e1,,,True,True,,,,maximum recall @ precision >= 0.98,1,,,,,0.0,maximum recall @ precision >= 0.9,maximum recall @ precision >= 0.75,1.0,,,maximum recall @ precision >= 0.999,1.0,,,,,,,,True,False,,True,b59dc054d75966cc444880ed9e6ed797a34a46e1,False,False,True,True
test2wiki,2017-03-21 16:09:36,9bf5037a356260c8718088a96e12271a28fe76d9,True,,,,,,,,,,,,,,,,,,,,,,,,,,,,False,False,beta,,9bf5037a356260c8718088a96e12271a28fe76d9,False,True,False,False
test2wiki,2017-09-19 00:00:00,9bf5037a356260c8718088a96e12271a28fe76d9,True,,,,,,,,,,,,,,,,,,,,,,,,,,,,False,True,,False,f28cd8d6cfc6913ab506d6a471347980987b1a25,False,False,False,False
test2wiki,2018-06-16 00:00:00,9bf5037a356260c8718088a96e12271a28fe76d9,True,,,,True,,,,,,,,,,,,,,,,,,,,,,,,False,True,,True,22f6ec8967a3b66019881f27bb37515eaae855bc,False,False,False,False
test2wiki,2018-07-26 03:23:33,0cca1e8e2fa584eef73a370e822eb56024a16ed7,,,True,True,,,,,,,,,,,,,,,,,,,,,,,,,True,False,,True,b59dc054d75966cc444880ed9e6ed797a34a46e1,False,False,True,True
testwiki,2017-03-21 16:09:36,9bf5037a356260c8718088a96e12271a28fe76d9,True,,,,,,,,,,,,,,,,,,,,,,,,,,,,False,False,beta,,9bf5037a356260c8718088a96e12271a28fe76d9,False,True,False,False
testwiki,2017-09-19 00:00:00,9bf5037a356260c8718088a96e12271a28fe76d9,True,,,,,,,,,,,,,,,,,,,,,,,,,,,,False,True,,False,f28cd8d6cfc6913ab506d6a471347980987b1a25,False,False,False,False
testwiki,2018-06-16 00:00:00,9bf5037a356260c8718088a96e12271a28fe76d9,True,,,,True,,,,,,,,,,,,,,,,,,,,,,,,False,True,,True,22f6ec8967a3b66019881f27bb37515eaae855bc,False,False,False,False
testwiki,2018-07-18 09:01:27,e9e8224ab5f4dc877c666ffc2b64e1dbec18b0b4,,,True,True,,,,,,,,,,,,,,,,,,,,,,,,,True,False,,True,b59dc054d75966cc444880ed9e6ed797a34a46e1,False,False,True,True
trwiki,2016-07-13 05:14:13,7d6b0c09c03af0c47d00819057524f6573f6f7ff,,,True,,,,,,,,,,,,,,,,,,,0.22,0.49,,,,,,True,,,,83721dc27d3ecadb550a759e9004c794ad0cb792,False,False,False,False
trwiki,2017-04-10 15:45:11,2f003068a67e7e23417eab9e4a4aa61ad5b35b48,,,True,,,0.105,1.0,0.912,1,0.0,0.86,,,,,0.882,1.0,0.0,0.155,,,0.2,0.58,0.92,0.809,1.0,0.0,0.119,True,False,beta,,9bf5037a356260c8718088a96e12271a28fe76d9,False,True,False,False
trwiki,2017-04-11 06:38:06,653ef7704f549485c006186a7f77c92a06435717,True,on,True,,,0.105,1.0,0.912,1,0.0,0.86,,,,,0.882,1.0,0.0,0.155,,,0.2,0.58,0.92,0.809,1.0,0.0,0.119,True,False,beta,,9bf5037a356260c8718088a96e12271a28fe76d9,True,False,True,False
trwiki,2017-04-24 07:44:50,bfc85146c44bb7396fdda631c8eb9ea97e9691bf,,,True,,,0.105,1.0,0.912,1,0.0,0.86,,,,,0.882,1.0,0.0,0.155,,,0.2,0.58,0.92,0.809,1.0,0.0,0.119,True,True,on,,bfc85146c44bb7396fdda631c8eb9ea97e9691bf,True,False,True,False
trwiki,2017-04-27 16:13:51,868fbd422cd1f9a8be9b4b4c85f3a0981036a851,,,True,,,,,recall_at_precision(min_precision=0.75),1,,,0.0,recall_at_precision(min_precision=0.45),0.0,recall_at_precision(min_precision=0.75),recall_at_precision(min_precision=0.45),1.0,,,,,0.2,0.58,0.92,,,,,True,True,on,,bfc85146c44bb7396fdda631c8eb9ea97e9691bf,True,False,True,False
trwiki,2017-09-19 00:00:00,868fbd422cd1f9a8be9b4b4c85f3a0981036a851,True,,True,,,,,recall_at_precision(min_precision=0.75),1,,,0.0,recall_at_precision(min_precision=0.45),0.0,recall_at_precision(min_precision=0.75),recall_at_precision(min_precision=0.45),1.0,,,,,0.2,0.58,0.92,,,,,True,True,,False,f28cd8d6cfc6913ab506d6a471347980987b1a25,False,False,True,False
trwiki,2018-03-14 16:09:06,5dfa70bd7e90d254e7aeb41055e428ad73ea8ef5,,,True,,,,,maximum recall @ precision >= 0.75,1,,,0.0,maximum recall @ precision >= 0.45,0.0,maximum recall @ precision >= 0.75,maximum recall @ precision >= 0.45,1.0,,,,,,,,,,,,True,True,,True,22f6ec8967a3b66019881f27bb37515eaae855bc,False,False,True,True
trwiki,2018-06-16 00:00:00,5dfa70bd7e90d254e7aeb41055e428ad73ea8ef5,True,,True,,True,,,maximum recall @ precision >= 0.75,1,,,0.0,maximum recall @ precision >= 0.45,0.0,maximum recall @ precision >= 0.75,maximum recall @ precision >= 0.45,1.0,,,,,,,,,,,,True,True,,True,22f6ec8967a3b66019881f27bb37515eaae855bc,False,False,True,True
trwiki,2018-07-18 03:05:19,b59dc054d75966cc444880ed9e6ed797a34a46e1,,,True,True,,,,maximum recall @ precision >= 0.75,1,,,0.0,maximum recall @ precision >= 0.45,0.0,maximum recall @ precision >= 0.75,maximum recall @ precision >= 0.45,1.0,,,,,,,,,,,,True,False,,True,b59dc054d75966cc444880ed9e6ed797a34a46e1,False,False,True,True
wikidatawiki,2016-06-22 08:08:26,83721dc27d3ecadb550a759e9004c794ad0cb792,,,True,,,,,,,,,,,,,,,,,,,0.8,0.96,,,,,,True,,,,83721dc27d3ecadb550a759e9004c794ad0cb792,False,False,False,False
wikidatawiki,2017-04-24 07:44:50,bfc85146c44bb7396fdda631c8eb9ea97e9691bf,False,beta,True,,,,,,,,,,,,,,,,,,,0.92,0.97,0.99,,,,,True,True,on,,bfc85146c44bb7396fdda631c8eb9ea97e9691bf,True,True,False,False
wikidatawiki,2017-04-27 16:13:51,868fbd422cd1f9a8be9b4b4c85f3a0981036a851,False,beta,True,,,,,,,,,,,0.0,recall_at_precision(min_precision=0.9),recall_at_precision(min_precision=0.75),1.0,,,,,0.92,0.97,0.99,,,,,True,True,on,,bfc85146c44bb7396fdda631c8eb9ea97e9691bf,True,True,False,False
wikidatawiki,2017-05-09 16:03:15,487dbe5cc51da5a1b6c9b35ab80c43d1f092ce9c,,,True,,,,,,,,,,,0.0,recall_at_precision(min_precision=0.9),recall_at_precision(min_precision=0.75),1.0,,,,,0.92,0.97,0.99,,,,,True,True,on,,bfc85146c44bb7396fdda631c8eb9ea97e9691bf,True,False,True,False
wikidatawiki,2017-09-19 00:00:00,487dbe5cc51da5a1b6c9b35ab80c43d1f092ce9c,True,,True,,,,,,,,,,,0.0,recall_at_precision(min_precision=0.9),recall_at_precision(min_precision=0.75),1.0,,,,,0.92,0.97,0.99,,,,,True,True,,False,f28cd8d6cfc6913ab506d6a471347980987b1a25,False,False,True,False
wikidatawiki,2017-10-26 12:56:43,9f442d5cff1bea7bcfa57f1e0681e479e6d88430,,,False,,,,,,,,,,,0.0,recall_at_precision(min_precision=0.9),recall_at_precision(min_precision=0.75),1.0,,,,,,,,,,,,False,True,,True,22f6ec8967a3b66019881f27bb37515eaae855bc,False,False,False,False
wikidatawiki,2017-10-30 07:03:44,1d6d2af399c51e82d39e40a0fbfc663b5ccdf2aa,,,True,,,,,,,,,,,0.0,recall_at_precision(min_precision=0.9),recall_at_precision(min_precision=0.75),1.0,,,,,,,,,,,,True,True,,True,22f6ec8967a3b66019881f27bb37515eaae855bc,False,False,True,True
wikidatawiki,2017-11-15 06:36:13,6258ca2a16138655ddcf00dc6b46242849463a5a,,,True,,,,,0,recall_at_precision(min_precision=0.12),,,,,0.0,recall_at_precision(min_precision=0.9),recall_at_precision(min_precision=0.08),1.0,,,,,,,,,,,,True,True,,True,22f6ec8967a3b66019881f27bb37515eaae855bc,False,False,True,True
wikidatawiki,2017-11-27 13:05:24,1b522a63a8000dba0fe59166032602e083ec5343,,,False,,,,,0,recall_at_precision(min_precision=0.12),,,,,0.0,recall_at_precision(min_precision=0.9),recall_at_precision(min_precision=0.08),1.0,,,,,,,,,,,,False,True,,True,22f6ec8967a3b66019881f27bb37515eaae855bc,False,False,False,False
wikidatawiki,2017-11-27 13:35:54,0af3ea9e27a31d7988f43c507c9c43e127e5b52b,,,True,,,,,0,recall_at_precision(min_precision=0.12),,,,,0.0,recall_at_precision(min_precision=0.9),recall_at_precision(min_precision=0.08),1.0,,,,,,,,,,,,True,True,,True,22f6ec8967a3b66019881f27bb37515eaae855bc,False,False,True,True
wikidatawiki,2017-11-28 06:55:34,af345fcdb964e6481c527b883d92d17244d2ec41,,,True,,,,,,,,,,,0.0,recall_at_precision(min_precision=0.9),recall_at_precision(min_precision=0.75),1.0,,,,,,,,,,,,True,True,,True,22f6ec8967a3b66019881f27bb37515eaae855bc,False,False,True,True
wikidatawiki,2018-03-14 16:09:06,5dfa70bd7e90d254e7aeb41055e428ad73ea8ef5,,,True,,,,,,,,,,,0.0,maximum recall @ precision >= 0.9,maximum recall @ precision >= 0.75,1.0,,,,,,,,,,,,True,True,,True,22f6ec8967a3b66019881f27bb37515eaae855bc,False,False,True,True
wikidatawiki,2018-06-16 00:00:00,5dfa70bd7e90d254e7aeb41055e428ad73ea8ef5,True,,True,,True,,,,,,,,,0.0,maximum recall @ precision >= 0.9,maximum recall @ precision >= 0.75,1.0,,,,,,,,,,,,True,True,,True,22f6ec8967a3b66019881f27bb37515eaae855bc,False,False,True,True
wikidatawiki,2018-07-18 03:05:19,b59dc054d75966cc444880ed9e6ed797a34a46e1,,,True,True,,,,,,,,,,0.0,maximum recall @ precision >= 0.9,maximum recall @ precision >= 0.75,1.0,,,,,,,,,,,,True,False,,True,b59dc054d75966cc444880ed9e6ed797a34a46e1,False,False,True,True
zhwiki,2019-09-03 16:04:06,d4b12dbba090d6a67e18b47d0d126e81c12e89f1,,,True,True,,maximum recall @ precision >= 0.15,1.0,,,0.0,maximum recall @ precision >= 0.15,0.0,maximum recall @ precision >= 0.45,0.0,maximum recall @ precision >= 0.75,,,0.0,maximum recall @ precision >= 0.99,maximum recall @ precision >= 0.99,1.0,,,,,,,,True,,,,ef78f52b302c172f8991c37b802ac50e3be39e32,False,False,True,True
